Region,MinValue,MaxValue,MedianValue,StdDev
East Asia & Pacific,5.61076762116707,27.8011105999282,8.787819682664,5.622746068789554
Europe & Central Asia,2.55160110474637,20.2298829953543,10.47233207438275,3.8526298348193393
Latin America & Caribbean,2.00613213814739,21.2038647179359,11.203891502778301,4.943831316668795
Middle East & North Africa,4.8225034441193,18.7409428569756,9.79498687379971,3.6024922761623217
North America,5.79318650333884,7.90625948931535,6.849722996327095,1.4941682375260967
South Asia,5.96948461463209,21.8363053072406,9.20963505251298,6.372269013312877
Sub-Saharan Africa,2.18261268903057,22.5424273452835,7.396292522267094,5.428118973347561
